Habitat,Per-acre Sequestration (tonnes CO2/ac/yr),Per-acre Sequestration Value ($/ac),Per-acre Stock (tonnes CO2/ac),Per-acre Stock Value ($/ac),Area (ac),Total Sequestration (tonnes CO2/yr),Total Sequestration Value ($),Total Stock (tonnes CO2),Total Stock Value ($)
Mangrove Forests,2.23,195.3824363,304.2,26702.78731,15584.37,34688.00335,3044912.934,4740786.293,416146220.8
Salt Marshes,2.37,208.407932,107.71,9455.207365,4591.19,10900.44343,956840.9241,494539.4928,43410676.68
Pine Flatwoods,0.33,28.65609065,248.55,21817.70538,26990.25,8811.061145,773434.9473,6708421.553,588865244
Seagrasses,0.95,83.3631728,163.52,14354.09632,34018,32306.31593,2835848.412,5562743.774,488297648.5
Freshwater Wetlands,2.23,195.3824363,172.09,15105.66742,221004.4021,491915.9092,43180378.51,38031658.66,3338418997
Shrub and Brushland,0.36,31.2611898,108.25,9502.09915,48007.076,17096.81367,1500758.304,5196718.988,456167992.8