Habitat,Per-acre Denitrification (kg N/ac/yr),Per-acre Denitrification Value ($/ac),Area (ac),Total Denitrification (kg N/yr),Total Denitrification Value ($)
Mangrove Forests,4.05,396.4355454,15584.37,63116.71417,6178199.754
Salt Marshes,16.19,1584.763328,4591.19,74331.40578,7275953.429
Oyster Bars,32.29,3160.716978,189.96,6133.818087,600410.7453
Seagrasses,36.44,3566.941055,34018,1239615.92,121340200.8
Freshwater Wetlands,26.77,2620.390012,221004.4021,5916287.845,579117728